<code_scheme name="Default" version="173">
  <SqlCodeStyleSettings version="6">
    <option name="KEYWORD_CASE" value="2" />
    <option name="IDENTIFIER_CASE" value="1" />
    <option name="TYPE_CASE" value="4" />
    <option name="ALIAS_CASE" value="4" />
    <option name="BUILT_IN_CASE" value="4" />
    <option name="QUERY_EL_LINE" value="101" />
    <option name="QUERY_EL_COMMA" value="2" />
    <option name="SUBQUERY_OPENING" value="1" />
    <option name="SUBQUERY_CONTENT" value="2" />
    <option name="SUBQUERY_CLOSING" value="2" />
    <option name="INSERT_INTO_NL" value="1" />
    <option name="SET_ALIGN_EQUAL_SIGN" value="false" />
    <option name="SELECT_USE_AS_WORD" value="1" />
    <option name="SELECT_ALIGN_AS" value="false" />
    <option name="SELECT_ASTERISK_REGULAR" value="true" />
    <option name="FROM_WRAP_ON" value="true" />
    <option name="FROM_INDENT_JOIN" value="false" />
    <option name="FROM_PLACE_ON" value="11" />
    <option name="WHERE_EL_BOUND" value="0" />
    <option name="TABLE_OPENING" value="1" />
    <option name="TABLE_CONTENT" value="2" />
    <option name="TABLE_CLOSING" value="2" />
    <option name="TABLE_TYPES_ALIGN" value="false" />
    <option name="TABLE_DEFAULTS_ALIGN" value="false" />
    <option name="TABLE_NULLABILITIES_ALIGN" value="false" />
    <option name="CONSTRAINT_WRAP_2" value="true" />
    <option name="CONSTRAINT_WRAP_3" value="true" />
    <option name="EXPR_BINARY_OP_ALIGN" value="false" />
    <option name="EXPR_CASE_END" value="2" />
    <option name="INDEX_NAME_TEMPLATE" value="{unique?uk:ix}_{table}_{columns}" />
    <option name="PRIMARY_KEY_NAME_TEMPLATE" value="pk_{table}" />
    <option name="FOREIGN_KEY_NAME_TEMPLATE" value="fk_{table}_{ref_table}_{ref_columns}" />
  </SqlCodeStyleSettings>
  <codeStyleSettings language="SQL">
    <option name="KEEP_FIRST_COLUMN_COMMENT" value="false" />
    <indentOptions>
      <option name="INDENT_SIZE" value="2" />
      <option name="CONTINUATION_INDENT_SIZE" value="4" />
      <option name="TAB_SIZE" value="2" />
    </indentOptions>
  </codeStyleSettings>
</code_scheme>