<keymap version="1" name="Burg" parent="Mac OS X">
  <action id="$Cut">
    <keyboard-shortcut first-keystroke="meta x" />
  </action>
  <action id="ActivateBookmarksToolWindow" />
  <action id="ActivateDatabaseToolWindow">
    <keyboard-shortcut first-keystroke="meta 8" />
  </action>
  <action id="ActivateGradleToolWindow">
    <keyboard-shortcut first-keystroke="meta 2" />
  </action>
  <action id="ActivateServicesToolWindow">
    <keyboard-shortcut first-keystroke="meta 7" />
  </action>
  <action id="ActivateStructureToolWindow" />
  <action id="ActivateTerminalToolWindow">
    <keyboard-shortcut first-keystroke="meta 7" />
  </action>
  <action id="Android.Designer.AutoArrange" />
  <action id="ChangesView.GroupBy.Module" />
  <action id="CloseActiveTab">
    <keyboard-shortcut first-keystroke="meta w" />
  </action>
  <action id="CloseContent">
    <keyboard-shortcut first-keystroke="meta w" />
  </action>
  <action id="CommentByBlockComment">
    <keyboard-shortcut first-keystroke="shift meta slash" />
  </action>
  <action id="CompareTwoFiles" />
  <action id="Console.TableResult.EditValueMaximized">
    <keyboard-shortcut first-keystroke="shift enter" />
  </action>
  <action id="Diff.ShowDiff" />
  <action id="EditorBackSpace">
    <keyboard-shortcut first-keystroke="back_space" />
  </action>
  <action id="EditorCloneCaretAbove">
    <keyboard-shortcut first-keystroke="meta alt up" />
  </action>
  <action id="EditorCloneCaretBelow">
    <keyboard-shortcut first-keystroke="meta alt down" />
  </action>
  <action id="EditorDecreaseFontSize">
    <mouse-shortcut keystroke="meta button142" />
  </action>
  <action id="EditorDeleteLine">
    <keyboard-shortcut first-keystroke="shift delete" />
    <keyboard-shortcut first-keystroke="shift back_space" />
  </action>
  <action id="EditorDuplicate" />
  <action id="EditorIncreaseFontSize">
    <mouse-shortcut keystroke="meta button143" />
  </action>
  <action id="EditorLookupDown" />
  <action id="EditorLookupUp" />
  <action id="EditorMatchBrace">
    <keyboard-shortcut first-keystroke="ctrl m" />
  </action>
  <action id="EditorMoveToPageBottom" />
  <action id="EditorMoveToPageBottomWithSelection" />
  <action id="EditorMoveToPageTop" />
  <action id="EditorMoveToPageTopWithSelection" />
  <action id="EditorPageDown">
    <keyboard-shortcut first-keystroke="page_down" />
    <keyboard-shortcut first-keystroke="alt down" />
  </action>
  <action id="EditorPageUp">
    <keyboard-shortcut first-keystroke="page_up" />
    <keyboard-shortcut first-keystroke="alt up" />
  </action>
  <action id="EditorResetFontSize">
    <keyboard-shortcut first-keystroke="shift meta 0" />
  </action>
  <action id="EditorScrollDown" />
  <action id="EditorScrollUp" />
  <action id="EditorSelectWord">
    <keyboard-shortcut first-keystroke="ctrl up" />
  </action>
  <action id="EditorTextEnd">
    <keyboard-shortcut first-keystroke="meta down" />
  </action>
  <action id="EditorTextEndWithSelection">
    <keyboard-shortcut first-keystroke="shift meta down" />
  </action>
  <action id="EditorTextStart">
    <keyboard-shortcut first-keystroke="meta up" />
  </action>
  <action id="EditorTextStartWithSelection">
    <keyboard-shortcut first-keystroke="shift meta up" />
  </action>
  <action id="EditorToggleColumnMode">
    <keyboard-shortcut first-keystroke="ctrl meta alt space" />
  </action>
  <action id="EditorUnSelectWord">
    <keyboard-shortcut first-keystroke="ctrl down" />
  </action>
  <action id="FileChooser.GotoDesktop" />
  <action id="GotoDatabaseObject">
    <keyboard-shortcut first-keystroke="meta g" />
  </action>
  <action id="GotoFile">
    <keyboard-shortcut first-keystroke="meta o" />
  </action>
  <action id="GotoLine">
    <keyboard-shortcut first-keystroke="meta l" />
  </action>
  <action id="GotoSymbol">
    <keyboard-shortcut first-keystroke="meta m" />
  </action>
  <action id="GotoUrlAction" />
  <action id="MethodDown">
    <keyboard-shortcut first-keystroke="shift ctrl down" />
  </action>
  <action id="MethodUp">
    <keyboard-shortcut first-keystroke="shift ctrl up" />
  </action>
  <action id="MinimizeCurrentWindow" />
  <action id="MoveStatementDown">
    <keyboard-shortcut first-keystroke="shift meta alt down" />
  </action>
  <action id="MoveStatementUp">
    <keyboard-shortcut first-keystroke="shift meta alt up" />
  </action>
  <action id="MoveTabDown">
    <keyboard-shortcut first-keystroke="shift meta d" />
  </action>
  <action id="MoveTabRight">
    <keyboard-shortcut first-keystroke="meta d" />
  </action>
  <action id="OverrideMethods" />
  <action id="Refactorings.QuickListPopupAction">
    <keyboard-shortcut first-keystroke="ctrl t" />
  </action>
  <action id="ReplaceInPath">
    <keyboard-shortcut first-keystroke="shift meta r" />
  </action>
  <action id="ResizeToolWindowDown" />
  <action id="ResizeToolWindowUp" />
  <action id="SendEOF" />
  <action id="ServiceView.GroupByContributor" />
  <action id="ShowPopupMenu">
    <keyboard-shortcut first-keystroke="shift alt enter" />
  </action>
  <action id="SplitChooser" />
  <action id="Terminal.ClearBuffer">
    <keyboard-shortcut first-keystroke="meta k" />
  </action>
  <action id="TodoViewGroupByShowModules" />
  <action id="UsageGrouping.Module" />
  <action id="UsageGrouping.UsageType" />
  <action id="Vcs.Log.FocusTextFilter" />
  <action id="Vcs.ShowMessageHistory" />
  <action id="ZoomCurrentWindow" />
</keymap>